{"learning_rate": 0.11794802387644082, "max_depth": 33.0, "min_child_weight": 1.0762014597777174, "reg_alpha": 0.3560326679932167, "reg_lambda": 0.11462895890766012}